COD_IBGE;NRS;MUN;V1;V2;V3;V4;V5;V6;V7;V8;V9;V10;C1;C2;C3;C4;C5;C6;C7;C8
290010;Centro-Leste;Abaíra;8316;94.22;0.603;0.577;0.746;0.51;148;14.61;197;625;483;492;314;258;192;115;89;1943
290020;Norte;Abaré;17064;66.02;0.575;0.533;0.776;0.46;132;6.77;196;2082;516;425;383;273;157;88;78;1920
290030;Nordeste;Acajutiba;14653;74.67;0.582;0.56;0.723;0.487;164;8.88;201;1079;523;450;297;357;147;128;90;1992
290035;Nordeste;Adustina;15702;41.67;0.546;0.526;0.718;0.432;139;7.9;147;1324;552;499;391;286;202;119;75;2124
290040;Centro-Leste;Água Fria;15731;50.8;0.55;0.529;0.747;0.422;174;9.8;236;1977;558;428;462;365;273;124;97;2307
290060;Sul;Aiquara;4602;79.14;0.583;0.573;0.733;0.471;55;10.13;57;498;258;160;122;83;66;53;24;766
290070;Nordeste;Alagoinhas;141949;90.72;0.683;0.681;0.79;0.592;899;7.28;1595;7678;5202;4437;3419;2380;1605;856;664;18563
290080;Extremo Sul;Alcobaça;21271;64.59;0.608;0.611;0.771;0.476;148;6.53;164;1564;873;754;577;343;240;132;115;3034
290090;Sul;Almadina;6357;84.84;0.563;0.563;0.751;0.421;89;10.79;79;762;253;230;170;128;73;49;43;946
290100;Leste;Amargosa;34351;83.56;0.625;0.616;0.807;0.492;437;10.17;611;3176;1278;1163;980;681;637;395;305;5439
290110;Centro-Leste;Amélia Rodrigues;25190;77.07;0.666;0.609;0.81;0.6;156;6.99;233;1595;1019;855;741;421;246;124;87;3493
290115;Centro-norte;América Dourada;15961;63.62;0.561;0.506;0.751;0.464;119;7.3;133;1362;452;264;475;256;175;80;70;1772
290120;Sudoeste;Anagé;25516;30.91;0.54;0.549;0.771;0.371;343;11.09;351;2912;1630;720;810;463;210;178;162;4173
290130;Centro-Leste;Andaraí;13960;39.12;0.555;0.54;0.764;0.415;105;7.42;143;1758;465;347;360;270;138;70;69;1719
290135;Norte;Andorinha;14414;52.5;0.588;0.586;0.731;0.474;137;8.66;193;1170;588;415;441;326;232;101;104;2207
290140;Oeste;Angical;14073;74.43;0.625;0.564;0.778;0.556;117;8.7;112;1086;590;410;317;325;186;129;52;2009
290150;Centro-Leste;Anguera;10242;57.06;0.589;0.565;0.766;0.471;94;10.62;165;1620;365;346;323;305;173;85;82;1679
290160;Nordeste;Antas;17072;81.03;0.592;0.573;0.739;0.491;219;10.22;203;1882;473;415;367;341;217;175;101;2089
290170;Centro-Leste;Antônio Cardoso;11554;40.06;0.561;0.544;0.768;0.422;126;9.48;160;1160;336;310;246;163;129;81;74;1339
290180;Norte;Antônio Gonçalves;11015;65.03;0.598;0.58;0.741;0.498;110;8.63;130;925;361;316;278;190;115;105;74;1439
290190;Nordeste;Aporá;17731;75;0.548;0.516;0.751;0.425;176;9.39;213;1560;580;650;498;455;225;69;100;2577
290195;Sul;Apuarema;7459;72.25;0.552;0.555;0.735;0.413;54;7.87;71;837;301;217;203;107;98;52;39;1017
290205;Nordeste;Araças;11561;65.7;0.57;0.54;0.744;0.462;83;5.25;86;801;403;328;233;121;85;38;53;1261
290200;Sudoeste;Aracatu;13743;49.51;0.581;0.591;0.754;0.439;153;10.43;191;1234;790;470;420;570;190;211;90;2741
290210;Centro-Leste;Araci;51651;41.2;0.534;0.534;0.747;0.381;426;7.35;491;4956;1491;1402;1297;929;588;287;272;6266
290220;Nordeste;Aramari;10036;71.65;0.588;0.568;0.761;0.47;81;7.82;119;958;317;353;201;190;122;72;72;1327
290225;Sul;Arataca;10392;61.84;0.559;0.557;0.758;0.413;88;6.78;63;960;347;362;137;144;22;20;71;1103
290230;Leste;Aratuípe;8599;68.24;0.575;0.57;0.753;0.443;48;6.64;69;773;190;174;166;120;98;80;40;868
290240;Sul;Aurelino Leal;13595;69.73;0.568;0.555;0.759;0.434;122;7.62;116;1382;449;352;270;169;92;72;30;1434
290250;Oeste;Baianópolis;13850;68.85;0.589;0.543;0.763;0.492;120;8.3;129;782;551;406;349;295;216;106;87;2010
290260;Centro-Leste;Baixa Grande;20060;41.13;0.585;0.549;0.775;0.471;217;9.37;276;1625;736;722;513;451;262;218;151;3053
290265;Nordeste;Banzaê;11814;93.49;0.579;0.539;0.769;0.468;109;8.97;119;1409;420;358;346;293;137;102;57;1713
290270;Oeste;Barra;49325;54.28;0.557;0.503;0.75;0.457;279;6.39;393;5919;1284;1320;690;1125;314;435;387;5555
290280;Sudoeste;Barra da Estiva;21187;81.26;0.575;0.566;0.717;0.469;129;6.65;197;1880;807;770;515;300;250;210;90;2942
290290;Sudoeste;Barra do Choça;34788;80.33;0.551;0.563;0.77;0.386;266;7.28;243;2361;1198;1059;817;617;431;274;133;4529
290300;Centro-norte;Barra do Mendes;13987;79.08;0.63;0.578;0.784;0.553;133;10.85;214;1187;699;553;542;446;288;161;117;2806
290310;Sul;Barra do Rocha;6313;72.57;0.577;0.585;0.705;0.465;50;7.97;53;649;152;124;110;106;58;54;19;623
290320;Oeste;Barreiras;137427;90.73;0.721;0.695;0.807;0.668;545;4.29;653;6015;4189;3637;2231;1854;585;696;362;13554
290323;Centro-norte;Barro Alto;13612;71.07;0.607;0.551;0.739;0.55;110;8.99;120;858;537;443;302;268;196;123;57;1926
290330;Sul;Barrocas;14191;63.26;0.61;0.574;0.786;0.503;91;6.45;111;591;242;215;176;129;98;50;25;935
290327;Centro-Leste;Barro Preto;6453;75.98;0.602;0.576;0.744;0.508;62;8.86;63;837;484;409;405;328;183;92;69;1970
290340;Extremo Sul;Belmonte;21798;75.07;0.598;0.577;0.771;0.48;163;7.56;188;2683;998;601;332;326;144;99;82;2582
290350;Sudoeste;Belo Campo;16021;62.82;0.575;0.562;0.76;0.444;186;10;206;1691;840;695;672;460;411;186;125;3389
290360;Centro-Leste;Biritinga;14836;57.7;0.538;0.525;0.738;0.402;152;9.03;190;2008;622;301;383;415;237;176;115;2249
290370;Sul;Boa Nova;15411;64.09;0.567;0.535;0.753;0.453;216;11;213;1725;565;343;483;376;163;225;194;2349
290380;Centro-Leste;Boa Vista do Tupim;17991;32.75;0.551;0.514;0.729;0.447;188;8.48;215;1933;740;601;387;355;335;235;128;2781
290390;Oeste;Bom Jesus da Lapa;63480;75.97;0.633;0.615;0.775;0.533;378;6.27;486;4638;2261;1559;1384;927;649;325;273;7378
290395;Sudoeste;Bom Jesus da Serra;10113;33;0.546;0.535;0.749;0.407;108;9.81;135;1039;413;316;331;235;184;84;71;1634
290400;Centro-Leste;Boninal;13695;84.51;0.612;0.564;0.789;0.514;129;10.7;222;1695;445;428;283;382;271;170;177;2156
290405;Centro-Leste;Bonito;14834;65.67;0.561;0.552;0.685;0.467;46;4.66;70;663;345;480;186;216;122;70;25;1444
290410;Sudoeste;Boquira;22037;53.92;0.603;0.564;0.782;0.497;225;10.68;328;1758;785;674;601;540;508;228;136;3472
290420;Sudoeste;Botuporã;11154;53.86;0.575;0.543;0.754;0.464;141;9.52;134;921;674;354;307;220;175;135;110;1975
290430;Sul;Brejões;14282;66.02;0.597;0.56;0.775;0.49;154;8.74;195;1961;567;464;393;224;159;121;107;2035
290440;Oeste;Brejolândia;11077;59.8;0.592;0.533;0.746;0.523;105;9.16;132;1235;418;374;362;234;134;123;78;1723
290450;Oeste;Brotas de Macaúbas;10717;65.25;0.57;0.552;0.754;0.445;139;12.77;193;976;619;517;479;286;246;195;134;2476
290460;Sudoeste;Brumado;64602;77.8;0.656;0.63;0.807;0.554;524;8.45;779;4589;2875;2118;1930;1419;985;531;380;10238
290470;Sul;Buerarema;18605;68.02;0.613;0.604;0.772;0.495;198;9.7;209;2357;839;720;534;369;230;179;91;2962
290475;Oeste;Buritirama;19600;47.43;0.565;0.504;0.761;0.471;127;6.26;139;2207;610;565;423;318;229;118;89;2352
290480;Sudoeste;Caatiba;11420;89.75;0.561;0.579;0.752;0.406;103;8.28;106;1123;219;240;184;149;92;61;44;989
290485;Leste;Cabaceiras do Paraguaçu;17327;52.98;0.581;0.525;0.763;0.49;101;7.19;201;1579;672;436;393;247;233;118;79;2178
290490;Leste;Cachoeira;32026;72.45;0.647;0.615;0.762;0.577;215;7.4;410;2048;1135;815;718;523;309;152;271;3923
290500;Sudoeste;Caculé;22236;80.8;0.637;0.621;0.769;0.541;234;10.09;328;1044;786;861;815;540;368;228;188;3786
290510;Centro-norte;Caém;10368;55.06;0.546;0.535;0.701;0.434;90;9.45;134;815;392;316;301;244;131;170;80;1634
290515;Sudoeste;Caetanos;13639;28.19;0.542;0.536;0.725;0.409;158;8.94;139;1962;537;420;399;321;242;103;100;2122
290520;Sudoeste;Caetité;47515;73.39;0.625;0.631;0.801;0.484;437;8.78;658;3295;1845;1723;1410;1127;819;497;470;7891
290530;Centro-norte;Cafarnaum;17209;75.42;0.584;0.554;0.734;0.49;122;7.21;129;907;536;501;420;304;218;98;62;2139
290540;Sul;Cairu;15374;88.87;0.627;0.6;0.807;0.51;60;4.16;82;597;382;310;185;186;121;60;63;1307
290550;Centro-norte;Caldeirão Grande;12491;59.97;0.573;0.526;0.758;0.473;111;8.94;157;1366;288;305;406;369;218;210;113;1909
290560;Sul;Camacan;31472;76.29;0.581;0.608;0.768;0.419;283;7.6;266;3619;400;845;624;444;367;180;107;2967
290570;Leste;Camaçari;242970;89.03;0.694;0.681;0.798;0.616;604;3.64;1044;7697;7862;6965;4485;2481;1283;687;530;24293
290580;Sul;Camamu;35180;60.47;0.565;0.562;0.71;0.452;217;5.75;222;2472;818;687;442;643;360;206;114;3270
290590;Norte;Campo Alegre de Lourdes;28090;15.09;0.557;0.516;0.778;0.43;243;7.74;259;2773;1121;976;884;569;437;225;148;4360
290600;Norte;Campo Formoso;66616;56.88;0.586;0.566;0.749;0.475;436;6.93;591;5118;2150;1786;1599;1172;757;369;299;8132
290610;Oeste;Canápolis;9410;56.81;0.565;0.531;0.732;0.463;98;8.71;82;665;211;392;319;215;144;62;81;1424
290620;Centro-norte;Canarana;24067;73.75;0.587;0.555;0.734;0.496;174;7.25;193;1099;994;676;568;462;239;161;113;3213
290630;Sul;Canavieiras;32336;79.15;0.59;0.596;0.796;0.434;298;8.54;357;3738;1171;1131;935;647;362;217;164;4627
290640;Centro-Leste;Candeal;8895;43.32;0.587;0.554;0.787;0.465;93;10.5;157;1192;346;278;304;242;128;67;61;1426
290650;Leste;Candeias;83158;89.59;0.691;0.652;0.823;0.616;287;4.93;454;4051;1820;2840;1598;1055;474;246;205;8238
290660;Sudoeste;Candiba;13210;83.5;0.591;0.578;0.743;0.481;141;10.02;163;1165;765;624;414;262;385;42;127;2619
290670;Sudoeste;Cândido Sales;27918;70.95;0.601;0.565;0.798;0.482;241;8.64;289;2524;1140;1081;694;660;365;167;140;4247
290680;Centro-Leste;Cansanção;32908;54.47;0.557;0.53;0.745;0.438;326;8.66;431;3397;1090;1120;820;990;210;400;220;4850
290682;Norte;Canudos;15732;60.2;0.562;0.554;0.707;0.453;116;8.2;174;1566;560;422;399;317;218;112;74;2102
290685;Centro-Leste;Capela do Alto Alegre;11527;67.42;0.599;0.582;0.77;0.48;159;11.76;186;963;510;509;387;425;143;92;71;2137
290687;Centro-norte;Capim Grosso;26577;85.09;0.621;0.62;0.752;0.514;205;8.3;281;1620;650;838;707;526;650;220;147;3738
290689;Sudoeste;Caraíbas;10222;42.21;0.555;0.57;0.739;0.405;169;11.67;183;1190;357;319;362;419;378;211;122;2168
290690;Extremo Sul;Caravelas;21414;67.16;0.616;0.626;0.791;0.473;158;6.94;196;1337;724;844;527;343;220;119;76;2853
290700;Nordeste;Cardeal da Silva;8899;32.03;0.552;0.523;0.735;0.437;54;6.06;80;741;294;216;139;130;97;37;44;957
290710;Sudoeste;Carinhanha;28380;64.25;0.576;0.525;0.763;0.477;171;6.54;210;3361;1052;751;655;488;309;180;106;3541
290720;Norte;Casa Nova;64940;57.13;0.57;0.577;0.736;0.435;464;7.32;603;6008;2089;1821;1621;1169;878;362;252;8192
290730;Leste;Castro Alves;25408;72.09;0.613;0.591;0.774;0.504;204;8.67;326;2485;1092;644;663;425;310;225;152;3511
290740;Oeste;Catolândia;2612;80.07;0.582;0.554;0.786;0.452;20;9.99;28;222;191;134;117;94;75;38;26;675
290750;Nordeste;Catu;51077;88.5;0.677;0.66;0.814;0.578;293;6.41;480;3389;2108;1685;1221;793;524;309;247;6887
290755;Sudoeste;Caturama;8843;53.73;0.571;0.543;0.77;0.446;104;10.12;143;646;429;372;327;246;166;90;68;1698
290760;Centro-norte;Central;17013;68.45;0.596;0.54;0.728;0.538;128;8.44;196;1591;669;488;510;371;237;121;91;2487
290770;Norte;Chorrochó;10734;43.09;0.6;0.552;0.779;0.503;103;9.01;155;1123;303;292;285;186;120;149;73;1408
290780;Nordeste;Cícero Dantas;32300;69.71;0.585;0.59;0.712;0.477;403;10.5;402;1656;1378;1153;1012;857;594;289;176;5459
290790;Nordeste;Cipó;15755;80.43;0.601;0.589;0.744;0.496;136;7.68;160;1199;554;509;433;301;211;98;83;2189
290800;Sul;Coaraci;20964;82.34;0.613;0.615;0.762;0.491;245;11.31;270;2536;990;857;673;492;268;279;130;3689
290810;Oeste;Cocos;18153;68.49;0.596;0.558;0.805;0.471;178;8.92;197;1669;742;678;518;387;339;101;109;2874
290820;Leste;Conceição da Feira;20391;88.35;0.634;0.606;0.766;0.548;110;7.32;226;2176;753;714;477;421;237;142;102;2846
290830;Leste;Conceição do Almeida;17889;68.93;0.606;0.578;0.805;0.479;188;9.58;308;2702;718;490;454;429;251;137;123;2602
290840;Centro-Leste;Conceição do Coité;62040;61.77;0.611;0.587;0.752;0.517;521;7.92;584;3062;1797;2099;1729;1364;887;376;299;8551
290850;Centro-Leste;Conceição do Jacuípe;30123;74.48;0.663;0.63;0.799;0.579;163;6.9;281;2207;1136;875;784;496;430;252;113;4086
290860;Leste;Conde;23620;63.66;0.56;0.551;0.705;0.451;178;6.82;248;2533;776;717;487;363;267;167;112;2889
290870;Sudoeste;Condeúba;16898;64.77;0.582;0.559;0.789;0.447;176;11.32;307;1705;789;682;644;593;468;141;134;3451
290880;Sudoeste;Contendas do Sincorá;4663;73.15;0.577;0.579;0.695;0.477;60;10.51;75;528;228;178;150;103;86;41;40;826
290890;Centro-Leste;Coração de Maria;22401;54.54;0.592;0.558;0.762;0.489;154;8.65;300;2538;487;886;764;338;432;85;110;3102
290900;Sudoeste;Cordeiros;8168;86.18;0.579;0.561;0.763;0.454;84;10.55;126;997;350;322;294;235;163;113;50;1527
290910;Oeste;Coribe;14307;81.02;0.6;0.545;0.807;0.491;127;9.43;145;1394;854;645;456;336;310;143;76;2820
290920;Nordeste;Coronel João Sá;17066;47.42;0.535;0.545;0.716;0.392;164;7.6;137;1373;578;471;409;290;217;113;71;2149
290930;Oeste;Correntina;31249;65.55;0.603;0.575;0.792;0.481;268;8.05;323;2049;1470;1043;1094;612;526;249;172;5166
290940;Oeste;Cotegipe;13636;61.52;0.59;0.545;0.746;0.504;110;7.36;114;1000;633;454;331;240;192;87;31;1968
290950;Sul;Cravolândia;5041;74.47;0.599;0.559;0.765;0.503;55;9.22;56;568;176;138;108;96;54;62;32;666
290960;Nordeste;Crisópolis;20046;71.59;0.543;0.542;0.765;0.387;196;8.63;212;1399;633;601;598;437;275;119;92;2755
290970;Oeste;Cristópolis;13280;64.2;0.614;0.546;0.766;0.553;117;8.7;134;927;535;428;360;276;180;77;86;1942
290980;Leste;Cruz das Almas;58606;84.79;0.699;0.659;0.796;0.65;388;7.24;700;4189;2271;2142;1402;1160;621;493;347;8436
290990;Norte;Curaçá;32168;61.35;0.581;0.544;0.778;0.463;259;7.98;364;2552;938;861;786;609;392;194;174;3954
291000;Sul;Dário Meira;12836;60.18;0.54;0.522;0.771;0.392;132;8.37;111;1873;180;510;130;160;190;105;100;1375
291005;Leste;Dias D'Ávila;66440;88.22;0.676;0.651;0.811;0.584;177;3.84;291;2011;2335;1801;1212;692;435;209;132;6816
291010;Sudoeste;Dom Basílio;11355;61.51;0.591;0.547;0.783;0.482;100;9.03;151;891;591;436;374;295;196;109;59;2060
291030;Leste;Elísio Medrado;7947;85.91;0.623;0.59;0.777;0.527;112;12.12;162;462;373;345;256;205;139;118;68;1504
291040;Sudoeste;Encruzilhada;23766;71.18;0.544;0.533;0.754;0.4;183;7.27;166;2493;745;691;478;388;294;131;94;2821
291050;Nordeste;Entre Rios;39872;71.84;0.615;0.602;0.785;0.492;205;5.7;328;2807;1174;1187;854;531;407;184;163;4500
290050;Sudoeste;Érico Cardoso;10859;90.31;0.584;0.558;0.758;0.471;130;10.41;150;878;451;346;382;240;203;127;83;1832
291060;Nordeste;Esplanada;32802;74.38;0.589;0.589;0.74;0.469;208;6.33;328;2547;1185;890;697;452;325;208;121;3878
291070;Centro-Leste;Euclides da Cunha;56289;70.53;0.567;0.565;0.749;0.43;578;9.23;695;5360;2285;2085;1646;1394;965;462;353;9190
291072;Extremo Sul;Eunápolis;100196;84.69;0.677;0.687;0.791;0.572;553;5.72;648;5892;3570;2894;2159;1384;997;844;400;12248
291075;Nordeste;Fátima;17652;67.1;0.559;0.554;0.686;0.459;153;8.96;185;1216;721;647;582;448;292;139;76;2905
291077;Oeste;Feira da Mata;6184;67.18;0.588;0.527;0.763;0.505;45;8.49;52;639;231;196;167;108;86;48;22;858
291080;Centro-Leste;Feira de Santana;556642;86.61;0.712;0.71;0.82;0.619;2355;5.91;4579;28386;23890;17599;12842;10707;4814;3268;2506;75626
291085;Norte;Filadélfia;16740;55.05;0.565;0.553;0.726;0.45;175;8.8;207;1729;567;530;456;335;238;103;103;2332
291090;Sudoeste;Firmino Alves;5384;84.15;0.578;0.596;0.699;0.464;75;9.73;62;572;83;161;116;68;50;32;30;540
291100;Sul;Floresta Azul;10660;80.2;0.557;0.548;0.731;0.431;127;10.59;137;1445;371;339;305;244;140;165;76;1640
291110;Oeste;Formosa do Rio Preto;22528;69.88;0.618;0.576;0.763;0.536;121;5.3;145;1174;648;586;540;351;229;102;90;2546
291120;Sul;Gandu;30336;71.74;0.632;0.645;0.771;0.508;189;6.3;219;1624;1037;864;587;413;313;163;105;3482
291125;Centro-Leste;Gavião;4561;56.91;0.599;0.566;0.747;0.508;62;10.15;67;266;223;195;161;120;81;47;31;858
291130;Centro-norte;Gentio do Ouro;10622;69.8;0.559;0.523;0.743;0.45;98;10.45;132;1280;686;184;304;201;183;112;54;1724
291140;Norte;Glória;15076;60.46;0.593;0.563;0.775;0.479;135;8.01;170;965;482;494;366;251;177;97;55;1922
291150;Sul;Gongogi;8357;63.22;0.576;0.543;0.773;0.456;69;7.89;80;1086;263;250;186;127;66;63;34;989
291160;Leste;Governador Mangabeira;19818;56.2;0.643;0.594;0.754;0.594;127;7.58;245;1365;898;687;544;316;261;156;123;2985
291165;Sudoeste;Guajeru;10412;53.54;0.569;0.548;0.77;0.437;114;11.35;191;995;408;331;284;269;175;114;81;1662
291170;Sudoeste;Guanambi;78833;86.47;0.673;0.663;0.789;0.584;590;7.73;836;4405;3585;2812;2300;1761;1125;743;466;12792
291180;Extremo Sul;Guaratinga;22165;63.5;0.558;0.559;0.766;0.406;222;8.97;191;2112;683;640;503;489;290;146;102;2853
291185;Nordeste;Heliópolis;13192;76.2;0.563;0.547;0.748;0.437;133;8.69;125;892;541;431;398;278;186;114;65;2013
291190;Centro-Leste;Iaçu;25736;69.19;0.574;0.588;0.697;0.461;274;9.18;388;3223;1062;943;535;666;274;435;203;4118
291200;Sudoeste;Ibiassucê;10062;85.51;0.611;0.608;0.789;0.476;136;10.81;144;670;480;468;415;262;243;135;89;2092
291210;Sul;Ibicaraí;24272;80.29;0.625;0.609;0.764;0.524;277;10.83;358;2716;1176;920;535;535;307;255;171;3899
291220;Sudoeste;Ibicoara;17282;73.61;0.591;0.583;0.731;0.484;76;4.22;104;1019;543;377;269;167;139;86;61;1642
291230;Sudoeste;Ibicuí;15785;83.6;0.584;0.586;0.78;0.435;191;10.02;190;2034;603;539;352;353;275;172;94;2388
291240;Centro-norte;Ibipeba;17008;72.68;0.616;0.577;0.744;0.545;150;8.3;180;1140;617;569;481;353;195;111;87;2413
291250;Sudoeste;Ibipitanga;14171;52.82;0.584;0.553;0.757;0.475;147;10.37;189;1446;492;390;531;408;254;169;107;2351
291260;Centro-Leste;Ibiquera;4866;50.55;0.511;0.517;0.771;0.335;48;8.63;67;448;149;124;126;90;56;24;25;594
291270;Sul;Ibirapitanga;22598;60.62;0.558;0.561;0.748;0.415;174;6.97;158;2121;629;572;360;416;502;316;142;2937
291280;Extremo Sul;Ibirapuã;7956;78.89;0.614;0.641;0.774;0.467;90;9.64;87;591;287;315;293;182;161;68;37;1343
291290;Sul;Ibirataia;18943;74.48;0.576;0.571;0.789;0.424;206;9.7;199;2553;649;650;437;360;291;149;87;2623
291300;Centro-Leste;Ibitiara;15508;56.74;0.585;0.55;0.744;0.49;189;11.19;263;1717;500;555;475;468;277;147;135;2557
291310;Centro-norte;Ibititá;17840;79.59;0.602;0.554;0.747;0.527;166;8.99;189;1267;449;724;535;426;266;107;117;2624
291320;Oeste;Ibotirama;25424;87.09;0.636;0.601;0.78;0.548;169;7.67;234;1638;609;767;623;461;235;245;105;3045
291330;Centro-Leste;Ichu;5255;75.74;0.631;0.58;0.771;0.562;64;10.09;75;317;335;167;153;158;131;75;41;1060
291340;Sudoeste;Igaporã;15205;73.74;0.614;0.586;0.766;0.516;164;9.27;216;1721;613;554;448;335;283;137;111;2481
291345;Sul;Igrapiúna;13343;50.42;0.574;0.565;0.789;0.424;71;5.21;70;848;419;340;233;186;113;68;34;1393
291350;Sudoeste;Iguaí;25705;76.32;0.552;0.559;0.786;0.382;308;10.03;299;3760;1332;1124;770;564;368;125;114;4397
291360;Sul;Ilhéus;184236;77.93;0.69;0.688;0.808;0.59;1191;7.2;1751;11794;6566;6123;4323;2736;2201;956;623;23528
291370;Nordeste;Inhambupe;36306;72.83;0.565;0.556;0.757;0.429;307;7.56;397;3040;1210;1109;892;696;415;228;178;4728
291380;Centro-Leste;Ipecaetá;15331;41.84;0.55;0.506;0.776;0.424;153;9.85;207;2154;410;492;290;275;150;232;118;1967
291390;Sul;Ipiaú;44390;85.35;0.67;0.687;0.796;0.551;418;8.37;538;3876;2560;1141;1040;424;459;278;212;6114
291400;Centro-Leste;Ipirá;59343;50.12;0.549;0.568;0.748;0.39;641;9.7;788;6264;2232;2276;1972;1409;848;506;682;9925
291410;Oeste;Ipupiara;9285;76.65;0.59;0.558;0.736;0.499;111;11.71;141;793;335;591;361;262;187;93;39;1868
291420;Sul;Irajuba;7002;34.56;0.576;0.544;0.776;0.453;70;9.4;108;639;291;160;110;160;100;50;38;909
291430;Sul;Iramaia;11990;44.81;0.571;0.543;0.74;0.463;112;8.47;141;1318;593;381;303;226;105;105;78;1791
291440;Centro-Leste;Iraquara;22601;64.78;0.599;0.548;0.749;0.523;164;8.07;270;2384;990;690;560;443;263;192;140;3278
291450;Centro-Leste;Irará;27466;55.16;0.62;0.587;0.809;0.501;213;8.79;371;1927;1055;963;873;596;412;274;169;4342
291460;Centro-norte;Irecê;66181;90.4;0.691;0.661;0.776;0.643;348;5.71;435;3958;2534;1864;1489;928;762;389;201;8167
291465;Extremo Sul;Itabela;28390;73;0.599;0.614;0.751;0.465;187;5.86;149;2106;935;781;551;341;268;120;94;3090
291470;Centro-Leste;Itaberaba;61631;77.94;0.62;0.638;0.769;0.485;537;8.27;770;4535;2324;1712;1557;1180;754;484;397;8408
291480;Sul;Itabuna;204667;86.22;0.712;0.695;0.807;0.643;1371;7.7;2108;11921;7408;5655;4702;4316;2364;1588;866;26899
291490;Sul;Itacaré;24318;58.2;0.583;0.594;0.807;0.413;101;4.77;99;1513;749;590;385;285;177;113;55;2354
291500;Centro-Leste;Itaeté;14924;59.21;0.572;0.536;0.719;0.485;157;8.81;187;2067;463;384;338;276;170;100;78;1809
291510;Sul;Itagibá;15193;78.3;0.589;0.566;0.77;0.469;166;9.23;187;1693;637;635;283;259;200;143;74;2231
291520;Sul;Itagi;13051;71.86;0.543;0.543;0.694;0.426;156;10.13;195;1709;518;549;369;299;214;116;84;2149
291530;Extremo Sul;Itagimirim;7110;86.48;0.634;0.602;0.821;0.516;84;9.32;65;756;250;267;184;138;114;71;46;1070
291535;Centro-norte;Itaguaçu da Bahia;13209;51.67;0.562;0.55;0.74;0.435;91;7;89;909;412;320;470;133;125;91;50;1601
291540;Sul;Itaju do Colônia;7309;68.6;0.592;0.57;0.724;0.502;67;7.62;69;867;307;258;127;127;50;58;26;953
291550;Sul;Itajuípe;21081;75.26;0.599;0.609;0.759;0.466;192;9.39;212;1909;852;831;610;442;389;189;148;3461
291560;Extremo Sul;Itamaraju;63069;76.7;0.627;0.641;0.767;0.502;489;7.39;500;5011;1789;2292;1002;1233;900;475;274;7965
291570;Sul;Itamari;7903;66.9;0.578;0.595;0.713;0.454;95;8.63;74;599;334;262;188;140;109;50;36;1119
291580;Sudoeste;Itambé;23089;87.07;0.578;0.589;0.75;0.436;219;8.68;229;2211;822;813;570;481;312;219;154;3371
291590;Nordeste;Itanagra;7598;63.42;0.584;0.577;0.796;0.433;46;5.46;47;552;237;180;101;79;58;34;22;711
291600;Extremo Sul;Itanhém;20216;83.82;0.637;0.624;0.79;0.525;231;11.23;253;2272;1040;799;880;760;610;274;116;4479
291610;Leste;Itaparica;20725;78.95;0.67;0.657;0.826;0.553;104;6.73;182;1904;1215;499;999;334;163;96;135;3441
291620;Sul;Itapé;10995;68.54;0.599;0.574;0.761;0.491;108;9.13;113;1079;391;297;237;191;143;71;38;1368
291630;Extremo Sul;Itapebi;10495;73.72;0.572;0.568;0.718;0.458;82;7.38;85;1004;386;369;260;181;121;107;69;1493
291640;Sudoeste;Itapetinga;68273;95.63;0.667;0.667;0.79;0.562;510;7.45;652;4733;1330;3068;1211;1827;838;744;460;9478
291650;Nordeste;Itapicuru;32261;55.44;0.486;0.505;0.711;0.319;247;7.56;267;3374;769;714;760;515;389;173;115;3435
291660;Sul;Itapitanga;10207;85.61;0.571;0.536;0.764;0.454;97;8.44;82;1328;298;289;220;140;105;70;37;1159
291670;Sul;Itaquara;7678;68.58;0.553;0.539;0.763;0.411;83;9.31;99;774;258;274;196;140;93;69;53;1083
291680;Sudoeste;Itarantim;18539;81.16;0.61;0.608;0.766;0.487;186;8.98;170;1750;696;713;399;462;382;296;191;3139
291685;Leste;Itatim;14522;74.19;0.582;0.55;0.782;0.459;138;7.19;146;1239;504;417;420;170;231;40;70;1852
291690;Sul;Itiruçu;12693;67.87;0.6;0.588;0.762;0.482;121;10.22;194;1126;559;392;322;275;184;119;76;1927
291700;Norte;Itiúba;36113;38.96;0.544;0.521;0.775;0.398;373;8.8;458;3621;1127;967;962;778;561;252;219;4866
291710;Sudoeste;Itororó;19914;86.28;0.594;0.598;0.739;0.474;235;10.1;206;1941;701;450;343;623;328;172;84;2701
291720;Sudoeste;Ituaçu;18127;70.06;0.57;0.565;0.77;0.425;152;9.04;245;1587;672;550;512;377;600;299;238;3248
291730;Sul;Ituberá;26591;72.66;0.606;0.601;0.769;0.482;129;6.21;197;1454;806;841;573;332;268;137;78;3035
291733;Sudoeste;Iuiú;10900;68.87;0.591;0.553;0.74;0.504;53;6.18;62;815;375;328;254;207;144;63;30;1401
291735;Oeste;Jaborandi;8973;65.38;0.613;0.572;0.791;0.508;86;8.75;76;692;329;308;276;211;143;80;39;1386
291740;Sudoeste;Jacaraci;13651;89.12;0.593;0.573;0.741;0.49;178;11.82;221;1464;656;632;525;454;285;190;109;2851
291750;Centro-norte;Jacobina;79247;76.13;0.649;0.636;0.772;0.558;620;8.02;885;4925;2877;2866;2632;1625;724;772;303;11799
291760;Sul;Jaguaquara;51011;69.9;0.58;0.586;0.747;0.446;446;8.12;580;5343;1766;1455;1160;804;597;408;277;6467
291770;Norte;Jaguarari;30343;74.2;0.659;0.644;0.806;0.551;292;8.87;389;2666;1117;1163;865;765;476;286;219;4891
291780;Leste;Jaguaripe;16467;56.21;0.556;0.552;0.763;0.407;98;6.43;132;1348;577;591;417;239;128;103;77;2132
291790;Nordeste;Jandaíra;10331;59.33;0.55;0.511;0.749;0.435;85;6.8;77;711;288;254;216;133;90;38;29;1048
291800;Sul;Jequié;151895;85.05;0.665;0.656;0.79;0.568;1324;8.31;2006;12491;4323;4550;2958;3131;3217;2983;1558;22720
291810;Norte;Jeremoabo;37680;59.81;0.547;0.561;0.689;0.424;371;8.59;412;2450;938;1200;1110;864;576;287;220;5195
291820;Leste;Jiquiriçá;14118;85.4;0.553;0.558;0.763;0.397;146;7.83;142;1245;595;456;309;239;169;128;86;1982
291830;Sul;Jitaúna;14115;67.87;0.575;0.563;0.704;0.479;166;10.19;200;1932;536;481;364;256;217;121;80;2055
291835;Centro-norte;João Dourado;22549;75.13;0.593;0.573;0.709;0.513;170;6.56;152;1572;1072;655;378;265;333;120;90;2913
291840;Norte;Juazeiro;197965;86.67;0.677;0.657;0.796;0.594;853;5.42;1410;9887;5909;5270;4365;3271;1844;1211;928;22798
291845;Extremo Sul;Jucuruçu;10290;60.7;0.541;0.508;0.751;0.415;82;7.99;82;1150;362;377;242;193;118;51;24;1367
291850;Centro-norte;Jussara;15052;68.55;0.571;0.544;0.72;0.476;135;8.15;134;1014;567;476;511;401;205;105;70;2335
291855;Sul;Jussari;6474;79.29;0.567;0.577;0.699;0.451;56;9.08;65;735;270;204;172;103;77;60;25;911
291860;Sudoeste;Jussiape;8031;89.39;0.602;0.6;0.736;0.493;138;14.02;201;614;316;382;396;355;105;174;85;1813
291870;Sul;Lafaiete Coutinho;3901;64.09;0.599;0.576;0.771;0.483;48;11.61;83;602;228;176;130;100;81;37;43;795
291875;Sudoeste;Lagoa Real;13934;66.35;0.545;0.535;0.764;0.395;129;8.38;188;1686;686;389;375;275;165;159;85;2134
291880;Leste;Laje;22201;68.12;0.586;0.548;0.764;0.48;171;7.07;223;1511;728;424;497;322;153;192;99;2415
291890;Extremo Sul;Lajedão;3733;80.07;0.632;0.652;0.778;0.497;38;10.29;44;318;188;161;139;97;71;38;25;719
291900;Centro-Leste;Lajedinho;3936;45.82;0.546;0.522;0.753;0.413;42;8.21;38;434;157;129;114;67;45;22;16;550
291905;Sul;Lajedo do Tabocal;8305;67.72;0.584;0.545;0.764;0.479;66;9.05;99;737;353;258;228;202;150;58;28;1277
291910;Centro-Leste;Lamarão;9560;29.6;0.518;0.501;0.747;0.372;114;9.36;161;1566;254;290;243;198;136;53;79;1253
291915;Centro-norte;Lapão;25646;80.29;0.596;0.55;0.755;0.51;178;6.74;212;1257;1054;765;657;536;382;140;94;3628
291920;Leste;Lauro de Freitas;163449;94.17;0.754;0.781;0.827;0.663;459;4.41;901;3175;6765;5814;4462;2252;1365;760;570;21988
291930;Centro-Leste;Lençóis;10368;74.19;0.623;0.613;0.775;0.51;70;5.7;91;733;340;194;181;117;97;22;38;989
291940;Sudoeste;Licínio de Almeida;12311;86.23;0.621;0.582;0.775;0.531;144;10.43;169;1035;600;532;487;295;254;153;82;2403
291950;Sudoeste;Livramento de Nossa Senhora;42693;77.36;0.611;0.587;0.793;0.491;349;8.79;524;3216;1845;1165;1296;963;641;511;241;6662
291955;Oeste;Luís Eduardo Magalhães;60105;93.99;0.716;0.754;0.826;0.59;53;1.5;76;927;1569;894;180;255;155;95;87;3235
291960;Centro-Leste;Macajuba;11229;49.88;0.524;0.515;0.78;0.358;125;9.49;180;1646;435;419;312;243;173;105;96;1783
291970;Sudoeste;Macarani;17093;86.52;0.605;0.607;0.782;0.466;144;8.54;166;1374;555;522;454;314;222;119;81;2267
291980;Sudoeste;Macaúbas;47051;73.51;0.609;0.557;0.791;0.513;462;8.96;584;4547;1805;732;1384;1495;550;473;476;6915
291990;Norte;Macururé;8073;40.59;0.604;0.547;0.748;0.539;81;9.61;126;959;248;195;240;178;153;50;62;1126
291992;Leste;Madre de Deus;17376;97.37;0.708;0.67;0.794;0.667;47;4.87;106;782;756;605;402;239;168;78;47;2295
291995;Sudoeste;Maetinga;7038;55.12;0.538;0.565;0.751;0.368;90;12.02;114;835;220;312;315;245;136;86;65;1379
292000;Sudoeste;Maiquinique;8782;89.72;0.576;0.586;0.69;0.472;89;8.3;85;492;170;256;166;85;207;104;149;1137
292010;Centro-norte;Mairi;19326;61.46;0.572;0.575;0.744;0.438;247;10.34;312;1828;778;628;724;438;264;132;142;3106
292020;Sudoeste;Malhada;16014;63.63;0.562;0.532;0.734;0.454;97;6.03;96;1464;361;474;214;238;175;115;54;1631
292030;Sudoeste;Malhada de Pedras;8468;51.61;0.578;0.549;0.747;0.471;86;9.75;100;616;400;317;285;247;176;90;41;1556
292040;Sul;Manoel Vitorino;14387;35;0.566;0.538;0.741;0.456;163;9.58;182;1707;654;520;454;341;230;138;100;2437
292045;Oeste;Mansidão;12592;35.78;0.599;0.503;0.752;0.568;100;6.93;109;1761;457;114;360;466;59;85;41;1582
292050;Sul;Maracás;24613;65.49;0.607;0.577;0.747;0.519;251;9.34;373;1977;1132;921;673;536;364;257;155;4038
292060;Leste;Maragogipe;42815;71.8;0.621;0.582;0.793;0.518;295;7.66;504;3643;1515;1319;858;627;468;269;190;5246
292070;Sul;Maraú;19101;51.46;0.593;0.643;0.801;0.404;90;5.75;92;1824;653;380;297;199;145;50;39;1763
292080;Centro-Leste;Marcionílio Souza;10500;57.82;0.561;0.518;0.737;0.463;104;8.5;141;1241;370;388;254;192;219;160;53;1636
292090;Sul;Mascote;14640;76.75;0.581;0.567;0.744;0.464;168;8.56;119;1798;453;519;233;100;221;172;115;1813
292100;Leste;Mata de São João;40183;78.95;0.668;0.648;0.818;0.562;172;5.43;311;2419;1726;1417;1052;650;403;219;162;5629
292105;Sudoeste;Matina;11145;45.54;0.572;0.538;0.74;0.469;91;7.49;106;885;483;335;301;202;151;85;68;1625
292110;Extremo Sul;Medeiros Neto;21560;83.02;0.625;0.626;0.777;0.501;225;10.21;268;2045;828;867;689;504;366;246;182;3682
292120;Centro-norte;Miguel Calmon;26475;70.47;0.586;0.571;0.745;0.472;258;9.22;365;1781;292;723;726;666;416;195;139;3157
292130;Leste;Milagres;10306;68.42;0.622;0.59;0.789;0.518;101;9.16;156;715;325;319;288;186;147;63;70;1398
292140;Centro-norte;Mirangaba;16279;58.42;0.542;0.512;0.685;0.454;126;7.62;151;1309;549;615;497;305;231;182;183;2562
292145;Sudoeste;Mirante;10507;37.72;0.527;0.524;0.722;0.386;101;9.84;131;1373;392;314;290;255;168;90;70;1579
292150;Centro-Leste;Monte Santo;52338;22.1;0.506;0.515;0.699;0.359;590;9.76;708;5656;2104;1610;1651;1289;804;451;311;8220
292160;Oeste;Morpará;8280;81.9;0.558;0.536;0.732;0.444;75;10.34;121;989;362;325;100;242;192;74;69;1364
292170;Centro-norte;Morro do Chapéu;35164;52.78;0.588;0.554;0.766;0.478;267;7.63;370;3152;1288;1001;823;565;398;214;145;4434
292180;Sudoeste;Mortugaba;12477;84.1;0.618;0.598;0.771;0.513;169;11.91;193;742;595;530;360;422;272;139;112;2430
292190;Centro-Leste;Mucugê;10545;81.45;0.606;0.589;0.787;0.48;86;7.94;131;789;355;316;275;212;127;84;65;1434
292200;Extremo Sul;Mucuri;36026;70.17;0.665;0.679;0.801;0.541;162;5;186;1403;1221;1036;722;501;324;165;97;4066
292205;Centro-norte;Mulungu do Morro;12249;15.36;0.566;0.517;0.753;0.466;81;6.51;98;847;325;189;244;183;84;78;84;1187
292210;Centro-Leste;Mundo Novo;24395;61.92;0.59;0.606;0.791;0.429;224;8.45;295;2126;830;595;534;418;289;175;127;2968
292220;Leste;Muniz Ferreira;7317;77.07;0.617;0.581;0.761;0.531;61;8.57;94;591;352;242;193;138;88;55;32;1100
292225;Oeste;Muquém de São Francisco;10272;64.74;0.549;0.488;0.761;0.445;56;5.48;42;936;102;190;218;196;208;207;15;1136
292230;Leste;Muritiba;28899;74.75;0.66;0.629;0.796;0.573;201;8.04;394;2230;677;1178;716;481;327;254;114;3747
292240;Leste;Mutuípe;21449;80.32;0.601;0.618;0.751;0.467;209;8.31;259;2261;800;752;536;327;287;193;127;3022
292250;Leste;Nazaré;27274;77.15;0.641;0.637;0.777;0.532;199;7.98;326;2223;896;728;570;425;273;172;87;3151
292260;Sul;Nilo Peçanha;12530;63.15;0.547;0.531;0.762;0.404;76;6.23;80;1203;350;286;261;170;117;100;52;1336
292265;Centro-Leste;Nordestina;12371;37.28;0.56;0.507;0.743;0.467;142;9.11;157;1453;381;327;351;223;91;180;85;1638
292270;Sudoeste;Nova Canaã;16713;78.61;0.545;0.554;0.789;0.37;211;10.61;246;1603;687;557;441;351;294;180;131;2641
292273;Centro-Leste;Nova Fátima;7602;77.59;0.597;0.575;0.738;0.501;85;9.94;92;521;307;303;230;222;139;65;61;1327
292275;Sul;Nova Ibiá;6648;64.14;0.57;0.62;0.714;0.419;59;7.15;45;411;255;260;180;90;65;45;35;930
292280;Sul;Nova Itarana;7435;57.82;0.524;0.508;0.729;0.389;77;8.19;102;754;304;225;154;150;98;49;37;1017
292285;Centro-Leste;Nova Redenção;8034;60.47;0.567;0.534;0.723;0.471;85;8.78;96;949;283;254;231;173;84;66;49;1140
292290;Nordeste;Nova Soure;24136;58.03;0.555;0.548;0.712;0.439;273;9.25;327;3217;882;942;709;528;431;194;176;3862
292300;Extremo Sul;Nova Viçosa;38556;73.6;0.654;0.657;0.78;0.546;220;6.25;293;2098;880;1172;1140;932;580;434;179;5317
292303;Centro-Leste;Novo Horizonte;10673;83.97;0.597;0.558;0.757;0.503;114;9.73;164;802;422;373;322;245;187;104;72;1725
292305;Nordeste;Novo Triunfo;15051;72.33;0.554;0.513;0.769;0.43;123;6.59;131;1180;377;314;270;203;137;99;66;1466
292310;Nordeste;Olindina;24943;79.41;0.559;0.534;0.81;0.403;214;8.34;229;2227;768;940;414;537;276;185;98;3218
292320;Oeste;Oliveira dos Brejinhos;21831;71.32;0.554;0.533;0.747;0.427;270;11.1;313;2595;402;735;678;617;409;297;148;3286
292330;Nordeste;Ouriçangas;8298;74.64;0.607;0.572;0.779;0.503;80;9.64;136;797;377;254;226;142;102;76;67;1244
292335;Centro-norte;Ourolândia;16425;60.35;0.56;0.547;0.701;0.459;101;6.05;104;1034;605;522;462;354;134;124;55;2256
292340;Sudoeste;Palmas de Monte Alto;20775;59.39;0.586;0.561;0.777;0.462;133;7.76;202;1231;818;609;658;469;322;157;92;3125
292350;Centro-Leste;Palmeiras;8410;82.04;0.643;0.608;0.782;0.56;75;9.14;128;728;331;318;248;189;118;79;58;1341
292360;Sudoeste;Paramirim;21001;87.94;0.615;0.604;0.776;0.496;286;10.14;342;1934;814;730;650;595;395;195;214;3593
292370;Oeste;Paratinga;29504;59.02;0.59;0.519;0.774;0.51;230;8.05;334;3917;997;834;756;567;374;210;141;3879
292380;Nordeste;Paripiranga;27778;36.26;0.577;0.567;0.717;0.472;313;9.64;402;2118;1083;1000;460;1110;210;440;170;4473
292390;Sul;Pau Brasil;10852;57.31;0.583;0.58;0.727;0.47;107;8.05;85;954;305;258;203;191;115;62;28;1162
292400;Norte;Paulo Afonso;108396;88.76;0.674;0.678;0.789;0.572;703;7.13;893;6031;1636;3458;2424;2773;1427;919;648;13285
292405;Centro-Leste;Pé de Serra;13752;52.09;0.587;0.558;0.779;0.465;169;9.92;165;1078;504;462;645;210;206;143;83;2253
292410;Nordeste;Pedrão;6876;44.92;0.588;0.534;0.775;0.49;99;11.43;141;1145;144;219;227;129;73;114;63;969
292420;Norte;Pedro Alexandre;16995;20.61;0.513;0.489;0.778;0.354;94;5.36;88;1220;263;328;232;131;139;64;49;1206
292430;Centro-Leste;Piatã;17982;86.68;0.571;0.543;0.769;0.447;192;10.82;308;2227;867;788;874;567;387;222;155;3860
292440;Norte;Pilão Arcado;32860;36.85;0.506;0.514;0.737;0.343;240;7.3;243;3179;972;964;848;833;581;161;136;4495
292450;Sudoeste;Pindaí;15628;70.43;0.603;0.566;0.777;0.498;142;9.23;212;1428;493;775;606;341;238;156;120;2729
292460;Norte;Pindobaçu;20121;69.85;0.577;0.527;0.757;0.482;176;7.41;197;1636;655;559;423;374;194;143;92;2440
292465;Centro-Leste;Pintadas;10342;57.57;0.612;0.572;0.765;0.525;120;9.8;144;604;365;317;370;286;151;106;53;1648
292467;Sul;Piraí do Norte;9799;43.96;0.533;0.546;0.762;0.363;71;5.7;50;650;280;251;144;84;61;48;40;908
292470;Sudoeste;Piripá;12783;67.35;0.575;0.547;0.768;0.453;130;10.57;156;1680;474;443;368;312;212;111;68;1988
292480;Centro-norte;Piritiba;22399;75.62;0.578;0.566;0.76;0.449;223;9.34;295;1884;808;678;590;378;273;150;112;2989
292490;Sul;Planaltino;8822;33.27;0.572;0.573;0.708;0.462;82;8.95;111;808;292;201;220;190;170;110;135;1318
292500;Sudoeste;Planalto;24481;62.76;0.56;0.557;0.738;0.428;222;9.22;262;2136;683;456;704;890;900;570;160;4363
292510;Sudoeste;Poções;44701;72.14;0.604;0.583;0.798;0.474;508;9.87;625;5168;1897;1693;1269;1025;693;633;314;7524
292520;Leste;Pojuca;33066;87.2;0.666;0.645;0.819;0.559;133;5.12;225;1274;1258;1034;712;430;290;159;114;3997
292525;Norte;Ponto Novo;15742;62.48;0.58;0.539;0.762;0.475;143;8.51;137;1660;450;500;465;400;180;220;100;2315
292530;Extremo Sul;Porto Seguro;126929;81.92;0.676;0.673;0.801;0.572;370;3.48;419;4872;3788;3063;1907;923;991;555;302;11529
292540;Sudoeste;Potiraguá;9810;84.33;0.625;0.595;0.754;0.545;82;8.3;92;1141;346;275;202;163;104;65;35;1190
292550;Extremo Sul;Prado;27627;71.84;0.621;0.616;0.784;0.497;149;6.13;166;1510;1092;960;780;650;280;170;100;4032
292560;Centro-norte;Presidente Dutra;13750;81.32;0.614;0.572;0.73;0.553;102;8.42;124;1027;671;472;403;362;209;102;51;2270
292570;Sudoeste;Presidente Jânio Quadros;13652;47.58;0.542;0.533;0.772;0.386;138;11.03;205;1527;619;498;431;355;278;138;87;2406
292575;Leste;Presidente Tancredo Neves;23846;62.73;0.559;0.566;0.727;0.424;200;5.95;176;2045;935;714;562;382;240;127;132;3092
292580;Centro-Leste;Queimadas;24602;51.41;0.592;0.55;0.764;0.493;257;9.76;360;2027;821;908;686;531;377;188;156;3667
292590;Centro-Leste;Quijingue;27228;45.27;0.544;0.539;0.689;0.434;317;9.12;358;2719;1063;998;908;635;466;284;201;4555
292593;Centro-norte;Quixabeira;9554;60.36;0.578;0.547;0.753;0.469;109;9.78;121;644;364;296;309;236;167;72;47;1491
292595;Centro-Leste;Rafael Jambeiro;22874;41.82;0.564;0.538;0.768;0.435;226;9.93;343;2545;869;802;604;499;434;223;152;3583
292600;Norte;Remanso;38957;57;0.579;0.569;0.757;0.451;301;7.95;384;2966;572;1408;955;1271;589;528;194;5517
292610;Centro-Leste;Retirolândia;12055;51.05;0.636;0.579;0.773;0.574;119;8.73;131;708;521;358;398;285;204;79;65;1910
292620;Oeste;Riachão das Neves;21937;63.39;0.578;0.527;0.779;0.471;191;7.75;174;2074;814;661;491;385;251;170;104;2876
292630;Centro-Leste;Riachão do Jacuípe;33172;78.64;0.628;0.588;0.755;0.559;360;9.62;446;3195;1291;1312;1083;862;521;223;239;5531
292640;Sudoeste;Riacho de Santana;30646;62.11;0.615;0.572;0.764;0.532;277;8.81;382;2860;1387;882;869;678;543;213;260;4832
292650;Nordeste;Ribeira do Amparo;14276;56.02;0.512;0.503;0.694;0.384;145;8.92;162;1687;537;397;380;261;194;127;89;1985
292660;Nordeste;Ribeira do Pombal;47518;82.39;0.601;0.599;0.704;0.515;402;8.43;451;3946;3065;1904;1541;1119;725;503;243;9100
292665;Sudoeste;Ribeirão do Largo;8602;76.91;0.54;0.566;0.759;0.366;57;7.15;74;602;239;244;203;171;90;52;38;1037
292670;Sudoeste;Rio de Contas;13007;90.29;0.605;0.58;0.767;0.498;168;12.02;238;1282;721;581;524;434;215;215;127;2817
292680;Sudoeste;Rio do Antônio;14815;64.73;0.576;0.555;0.74;0.465;164;9.38;174;1100;588;470;535;417;140;240;100;2490
292690;Sudoeste;Rio do Pires;11918;78.8;0.594;0.568;0.767;0.481;141;11.11;189;788;550;474;382;399;231;110;72;2218
292700;Nordeste;Rio Real;37164;70.91;0.572;0.568;0.729;0.452;285;7.05;277;2852;1300;1080;814;617;455;278;154;4698
292710;Norte;Rodelas;7775;89.47;0.632;0.566;0.79;0.564;43;6.65;68;584;213;173;204;141;78;40;28;877
292720;Centro-Leste;Ruy Barbosa;29887;66.57;0.61;0.583;0.77;0.505;314;9.59;488;2825;1052;1002;782;660;462;271;181;4410
292730;Leste;Salinas da Margarida;13456;93.38;0.617;0.575;0.729;0.561;76;7.01;148;1132;466;521;375;271;193;76;54;1956
292740;Leste;Salvador;2675656;95.09;0.759;0.772;0.835;0.679;10275;6.14;25149;82348;121057;97890;49304;41972;27434;14943;10711;363311
292750;Centro-Leste;Santa Bárbara;19064;57.2;0.583;0.554;0.775;0.462;173;9.25;245;3088;760;642;525;450;256;104;115;2852
292760;Norte;Santa Brígida;15060;49.35;0.546;0.533;0.71;0.431;155;8.45;144;1249;411;407;345;234;222;95;72;1786
292770;Extremo Sul;Santa Cruz Cabrália;26264;74.09;0.654;0.624;0.784;0.571;115;4.83;108;1310;889;811;547;321;176;100;50;2894
292780;Sul;Santa Cruz da Vitória;6673;80.49;0.61;0.573;0.786;0.504;55;8.83;57;973;235;171;150;113;92;53;29;843
292790;Sul;Santa Inês;10363;73.27;0.574;0.571;0.704;0.47;150;10.89;223;1166;479;422;277;203;134;98;90;1703
292805;Sul;Santaluz;33838;58.34;0.598;0.559;0.764;0.5;287;7.95;387;2549;300;344;278;132;79;96;42;1271
292810;Oeste;Santa Luzia;13344;52.57;0.556;0.564;0.768;0.396;134;7.84;101;1235;1717;1165;1079;810;596;338;204;5909
292840;Oeste;Santa Maria da Vitória;40309;77.66;0.614;0.592;0.758;0.516;327;8.11;370;3463;1050;949;694;607;385;279;226;4190
292850;Leste;Santana;24750;75.28;0.608;0.585;0.776;0.496;241;9.74;304;1786;393;366;256;191;218;115;97;1636
292800;Centro-Leste;Santanópolis;8776;37.02;0.592;0.561;0.746;0.496;90;10.94;145;1127;1070;1009;1125;845;494;294;209;5046
292820;Oeste;Santa Rita de Cássia;26250;67.49;0.605;0.564;0.766;0.513;228;8.15;274;2289;1249;866;830;596;491;228;151;4411
292830;Centro-Leste;Santa Teresinha;9648;65.74;0.587;0.549;0.804;0.459;135;11.97;206;1424;351;434;265;203;102;77;78;1510
292860;Leste;Santo Amaro;57800;76.45;0.646;0.626;0.772;0.559;363;7.6;701;4985;1695;1982;1690;1509;1165;814;397;9252
292870;Leste;Santo Antônio de Jesus;90985;86.44;0.7;0.677;0.815;0.622;507;6.25;910;4367;3593;2363;1704;1180;1350;508;360;11058
292880;Centro-Leste;Santo Estêvão;47880;70.17;0.626;0.611;0.808;0.498;355;7.93;555;4114;1832;1574;1311;719;674;351;279;6740
292890;Oeste;São Desidério;27659;67.28;0.579;0.584;0.742;0.449;182;5.52;153;1776;862;714;518;314;260;140;110;2918
292895;Centro-Leste;São Domingos;9226;78.52;0.64;0.601;0.757;0.575;117;9.7;124;492;389;335;348;228;172;61;59;1592
292910;Leste;São Felipe;20305;75.82;0.616;0.565;0.787;0.525;177;9.1;300;1768;848;791;378;505;136;262;122;3042
292900;Leste;São Félix;14098;67.75;0.639;0.582;0.769;0.583;85;6.8;184;1250;517;391;252;203;119;71;75;1628
292905;Oeste;São Félix do Coribe;13048;90.78;0.639;0.601;0.784;0.555;94;6.77;108;1196;575;455;341;248;170;94;49;1932
292920;Leste;São Francisco do Conde;33183;83.25;0.674;0.641;0.812;0.587;116;4.49;158;2229;1161;1014;680;429;227;230;82;3823
292925;Centro-norte;São Gabriel;18427;56.71;0.592;0.55;0.704;0.537;138;7.18;127;1196;716;609;497;371;288;104;70;2655
292930;Centro-Leste;São Gonçalo dos Campos;33283;80.14;0.627;0.636;0.752;0.516;212;7.72;351;3369;1086;732;633;553;747;688;184;4623
292935;Sul;São José da Vitória;5715;69.76;0.546;0.553;0.686;0.429;57;8.82;56;599;263;195;148;116;77;41;28;868
292937;Centro-norte;São José do Jacuípe;10180;62.95;0.552;0.555;0.726;0.417;109;9.42;126;731;433;300;277;137;156;75;66;1444
292940;Leste;São Miguel das Matas;10414;76.2;0.593;0.568;0.783;0.468;93;8.92;132;660;433;266;276;228;176;101;72;1552
292950;Leste;São Sebastião do Passé;42153;74.37;0.657;0.633;0.812;0.551;226;6.29;336;3283;1804;1435;979;596;410;254;183;5661
292960;Leste;Sapeaçu;16585;68.25;0.614;0.602;0.735;0.522;122;8.55;246;1363;752;625;413;318;308;145;143;2704
292970;Nordeste;Sátiro Dias;18964;64.4;0.527;0.524;0.736;0.379;171;8.68;204;2070;488;458;318;590;227;100;90;2271
292975;Leste;Saubara;11201;93.37;0.617;0.563;0.738;0.565;85;8.75;139;822;631;487;331;216;187;99;50;2001
292980;Centro-norte;Saúde;11845;62.47;0.549;0.546;0.685;0.442;109;9.27;151;1347;469;415;478;307;184;82;81;2016
292990;Centro-Leste;Seabra;41798;67.8;0.635;0.588;0.761;0.572;332;7.83;494;3241;1825;1207;1010;828;332;508;279;5989
293000;Sudoeste;Sebastião Laranjeiras;10371;78.39;0.615;0.569;0.777;0.527;77;7.42;80;701;409;358;267;211;163;65;45;1518
293010;Norte;Senhor do Bonfim;74419;86.22;0.666;0.638;0.773;0.599;599;8.19;948;5054;1945;1911;3383;1805;1268;663;370;11345
293020;Norte;Sento Sé;37425;66.84;0.585;0.535;0.778;0.48;213;5.82;273;3377;1252;913;609;521;290;140;170;3895
293015;Oeste;Serra do Ramalho;31638;62.64;0.595;0.53;0.775;0.512;232;7.63;213;2683;1036;856;712;518;358;177;118;3775
293030;Oeste;Serra Dourada;18112;57.15;0.608;0.539;0.775;0.537;161;9.17;220;1801;760;586;525;428;286;155;101;2841
293040;Centro-Leste;Serra Preta;15401;44.23;0.566;0.541;0.732;0.459;231;11.92;277;2276;672;619;549;460;311;218;165;2994
293050;Centro-Leste;Serrinha;76762;75.75;0.634;0.615;0.778;0.532;529;7.1;733;6004;2611;2213;1752;1306;917;334;597;9730
293060;Centro-norte;Serrolândia;12344;78.41;0.59;0.56;0.721;0.508;141;10.13;149;957;503;450;430;312;224;110;87;2116
293070;Leste;Simões Filho;118047;90.25;0.675;0.641;0.813;0.591;304;4.03;489;4823;3543;3012;2131;1244;599;543;225;11297
293075;Oeste;Sítio do Mato;12050;67.79;0.564;0.455;0.774;0.509;75;6.22;88;1602;429;288;215;227;126;66;39;1390
293076;Nordeste;Sítio do Quinto;12592;68.14;0.533;0.552;0.695;0.395;125;8.72;137;1046;486;376;383;148;209;111;60;1773
293077;Norte;Sobradinho;22000;85.07;0.631;0.605;0.748;0.555;104;7.16;160;1817;875;753;595;441;280;106;77;3127
293080;Centro-Leste;Souto Soares;15899;64.48;0.592;0.533;0.734;0.53;113;7.61;145;1415;540;465;362;346;271;33;77;2094
293090;Oeste;Tabocas do Brejo Velho;11431;59.79;0.584;0.53;0.764;0.492;109;8.97;130;939;508;447;331;222;187;93;71;1859
293100;Sudoeste;Tanhaçu;20013;67.74;0.577;0.565;0.772;0.44;221;9.75;282;1837;798;647;666;471;318;194;172;3266
293105;Sudoeste;Tanque Novo;16128;60.95;0.599;0.583;0.778;0.474;153;8.79;175;1277;708;634;551;420;230;176;90;2809
293110;Centro-Leste;Tanquinho;8008;71.32;0.597;0.567;0.768;0.488;79;9.54;131;834;336;246;142;161;192;129;60;1266
293120;Sul;Taperoá;18748;54.26;0.566;0.566;0.754;0.426;128;6.09;129;1345;624;528;371;240;154;139;72;2128
293130;Centro-norte;Tapiramutá;16516;65.36;0.594;0.589;0.752;0.473;87;5.49;126;1831;507;367;163;190;113;103;53;1496
293135;Extremo Sul;Teixeira de Freitas;138341;88.33;0.685;0.683;0.8;0.588;771;6.04;987;5880;5127;4088;3081;2136;1283;1181;383;17279
293140;Centro-Leste;Teodoro Sampaio;7895;79.24;0.594;0.567;0.774;0.477;70;10.2;132;1052;281;277;196;188;112;73;61;1188
293150;Centro-Leste;Teofilândia;21482;52.28;0.566;0.571;0.737;0.431;139;6.86;190;1655;680;690;531;489;194;173;81;2838
293160;Sul;Teolândia;14836;48.95;0.555;0.541;0.756;0.418;94;5.54;93;1184;404;384;239;175;128;52;41;1423
293170;Centro-Leste;Terra Nova;12803;55.01;0.578;0.581;0.7;0.474;100;8.09;144;1295;418;368;289;259;146;104;70;1654
293180;Sudoeste;Tremedal;17029;50.39;0.528;0.545;0.749;0.36;226;12.78;280;1920;871;878;643;536;351;230;120;3629
293190;Centro-Leste;Tucano;52418;63.06;0.579;0.596;0.712;0.458;529;8.85;660;5631;1794;1596;1511;1130;816;335;235;7417
293200;Norte;Uauá;24294;48.34;0.605;0.554;0.747;0.535;291;10.67;415;2808;1096;892;809;676;493;243;252;4461
293210;Leste;Ubaíra;19750;83.04;0.582;0.581;0.759;0.447;220;9.05;254;1813;840;670;441;422;211;268;163;3015
293220;Sul;Ubaitaba;20691;74.44;0.611;0.607;0.767;0.49;188;8.11;200;2154;730;602;457;325;207;128;78;2527
293230;Sul;Ubatã;25004;71.96;0.593;0.586;0.788;0.452;216;8.2;234;2977;714;625;442;327;231;161;94;2594
293240;Centro-norte;Uibaí;13625;79.74;0.617;0.575;0.758;0.54;132;9.56;141;1168;553;430;514;392;217;107;62;2275
293245;Centro-norte;Umburanas;17000;39.96;0.515;0.469;0.705;0.413;104;6.05;97;2028;462;345;276;229;166;73;51;1602
293250;Sul;Una;24110;54.62;0.56;0.584;0.71;0.424;164;6.63;144;1837;824;695;518;349;254;100;101;2841
293260;Sudoeste;Urandi;16466;79.06;0.598;0.595;0.766;0.469;147;8.84;217;1219;745;573;511;330;252;128;124;2663
293270;Sul;Uruçuca;19837;75.8;0.616;0.607;0.758;0.507;137;7.95;185;1767;797;738;481;421;280;114;79;2910
293280;Centro-Leste;Utinga;18173;71.26;0.59;0.597;0.706;0.487;116;7.05;180;1381;643;483;388;263;172;112;81;2142
293290;Sul;Valença;88673;77.04;0.623;0.619;0.778;0.502;544;6.34;765;5980;3039;2248;2828;1310;965;442;340;11172
293300;Centro-Leste;Valente;24560;79.36;0.637;0.623;0.729;0.568;221;7.91;235;1396;902;768;675;516;335;182;116;3494
293305;Centro-norte;Várzea da Roça;13786;65.24;0.539;0.539;0.775;0.374;159;9.72;185;945;588;432;442;295;203;138;73;2171
293310;Centro-norte;Várzea do Poço;8661;79.39;0.575;0.581;0.707;0.462;115;10.51;127;392;429;325;282;225;125;69;79;1534
293315;Centro-norte;Várzea Nova;13073;61.74;0.555;0.543;0.685;0.46;105;8.36;134;1016;546;415;434;299;189;97;55;2035
293317;Leste;Varzedo;9109;76.06;0.586;0.581;0.753;0.461;88;9.27;117;683;337;335;281;214;141;101;56;1465
293320;Leste;Vera Cruz;37567;87.48;0.645;0.632;0.817;0.52;184;6.63;298;1839;3315;1114;952;960;203;162;329;7035
293325;Extremo Sul;Vereda;6800;84.06;0.577;0.568;0.777;0.436;88;9.87;80;752;317;291;190;151;111;63;39;1162
293330;Sudoeste;Vitória da Conquista;306866;87.03;0.678;0.681;0.788;0.581;1895;6.94;2732;17720;11384;10288;8731;6975;4831;6012;1360;49581
293340;Centro-Leste;Wagner;8983;57.18;0.587;0.573;0.737;0.479;81;8.58;94;572;317;253;261;194;111;61;48;1245
293345;Oeste;Wanderley;12485;61.77;0.6;0.569;0.764;0.498;87;7.33;83;655;799;393;340;210;65;113;72;1992
293350;Sul;Wenceslau Guimarães;22189;52.18;0.544;0.558;0.752;0.383;146;5.61;166;1446;720;538;365;277;170;100;77;2247
293360;Centro-norte;Xique-Xique;45536;74.2;0.585;0.563;0.741;0.479;290;7.47;414;5075;1492;1227;1025;747;445;336;206;5478
